Timestamp, Focus, Enjoyment, Zone
1643578924119,68.341095,53.496067,63.887585
1643578924387,68.18155,53.355293,63.733673
1643578924642,68.03102,53.22217,63.588367
1643578924900,67.901184,53.10785,63.46318
1643578925156,67.77768,52.999004,63.344078
1643578925411,67.65977,52.894985,63.23033
1643578925673,67.57169,52.829998,63.149185
1643578925935,67.48715,52.76762,63.071293
1643578926191,67.47797,52.741997,63.057175
1643578926446,67.47003,52.717953,63.04441
1643578926702,67.590935,52.713825,63.1278
1643578926957,67.70865,52.710308,63.209145
1643578927214,67.885925,52.894604,63.388527
1643578927470,68.05862,53.074028,63.56324
1643578927725,68.05082,53.374664,63.647972
1643578927981,68.043785,53.667675,63.730953
1643578928236,68.0374,53.953465,63.812218
1643578928500,67.95616,54.237064,63.84043
1643578928762,67.87722,54.514427,63.86838
1643578929017,67.8527,54.724606,63.91427
1643578929272,67.82931,54.930084,63.95954
1643578929528,67.81074,55.116978,64.00261
1643578929784,67.79299,55.30004,64.045105
1643578930040,67.782845,55.452213,64.08366
1643578930296,67.77337,55.60115,64.121704
1643578930552,67.69177,55.718285,64.099724
1643578930808,67.611916,55.833,64.07824
1643578931065,67.53385,55.94522,64.05727
1643578931339,67.47107,56.073124,64.05168
1643578931606,67.40978,56.19814,64.04629
1643578931869,67.35638,56.283398,64.034485
1643578932132,67.30397,56.36741,64.023
1643578932388,67.38086,56.58122,64.14097
1643578932643,67.4575,56.79104,64.25755
1643578932899,67.53733,57.049057,64.39085
1643578933133,67.617004,57.29994,64.52188
1643578933391,67.73747,57.586914,64.69231
1643578933645,67.85702,57.868416,64.860435
1643578933899,67.97562,58.145996,65.02673
1643578934143,68.09517,58.40047,65.18676
1643578934391,68.21369,58.651318,65.34498
1643578934646,68.34708,58.878918,65.50663
1643578934901,68.47934,59.10271,65.66635
1643578935131,68.523895,59.22478,65.73416
1643578935382,68.56882,59.348347,65.80267
1643578935633,68.61323,59.468998,65.86996
1643578935894,68.70952,59.636345,65.987564
1643578936139,68.79371,59.81992,66.10157
1643578936387,68.898315,60.031258,66.2382
1643578936641,68.997955,60.22973,66.36749
1643578936896,69.08333,60.392822,66.47618
1643578937133,69.14718,60.535484,66.56367
1643578937382,69.16995,60.628498,66.60751
1643578937642,69.19541,60.7228,66.653625
1643578937897,69.24727,60.809105,66.71582
1643578938133,69.27997,60.775654,66.72867
1643578938380,69.32053,60.743355,66.747375
1643578938635,69.405426,60.67871,66.787415
1643578938890,69.499855,60.62018,66.83595
1643578939131,69.564384,60.5645,66.86442
1643578939378,69.629814,60.524033,66.89808
1643578939633,69.69424,60.48153,66.93042
1643578939895,69.81562,60.558163,67.03838
1643578940143,69.934906,60.63087,67.14369
1643578940368,69.9713,60.65423,67.17618
1643578940622,70.02316,60.71882,67.23186
1643578940878,69.86491,60.71523,67.12
1643578941115,69.703964,60.70706,67.0049
1643578941362,69.50608,60.68345,66.85929
1643578941622,69.30759,60.657944,66.71269
1643578941881,69.10194,60.630352,66.560455
1643578942116,68.8816,60.560703,66.38533
1643578942363,68.658775,60.484386,66.20646
1643578942617,68.44932,60.442505,66.04727
1643578942872,68.24717,60.398838,65.89267
1643578943109,67.99323,60.310825,65.68851
1643578943355,67.74243,60.211212,65.48306
1643578943610,67.4906,60.11035,65.27653
1643578943871,67.26412,59.931976,65.064476
1643578944123,67.03894,59.753147,64.8532
1643578944367,66.988594,59.56917,64.762764
1643578944621,66.94567,59.41177,64.6855
1643578944876,67.005646,59.21824,64.66942
1643578945117,67.06661,59.024647,64.65402
1643578945361,67.18258,58.974598,64.720184
1643578945611,67.29791,58.923004,64.785446
1643578945866,67.41143,58.867977,64.8484
1643578946105,67.528145,58.839485,64.92155
1643578946349,67.638565,58.807983,64.989395
1643578946603,67.728874,58.779095,65.04394
1643578946858,67.807816,58.748856,65.090126
1643578947078,67.898315,58.73011,65.14786
1643578947320,67.982635,58.69077,65.195076
1643578947570,68.06798,58.6517,65.243095
1643578947831,68.14982,58.675213,65.307434
1643578948053,68.23235,58.704967,65.37414
1643578948278,68.303314,58.827625,65.46061
1643578948532,68.38243,58.948536,65.55226
1643578948787,68.224075,59.00785,65.459206
1643578949022,68.060135,59.077255,65.36527
1643578949254,67.895256,59.15696,65.27377
1643578949501,67.72926,59.297985,65.19988
1643578949756,67.56306,59.441696,65.12665
1643578949999,67.468864,59.6059,65.10997
1643578950238,67.37485,59.773808,65.094536
1643578950488,67.30213,59.99329,65.10948
1643578950747,67.237335,60.21696,65.131226
1643578950992,67.17384,60.440342,65.15379
1643578951229,67.11984,60.652756,65.17972
1643578951477,67.063934,60.863895,65.20392
1643578951706,66.97742,61.002804,65.18503
1643578951947,66.88951,61.147152,65.16681
1643578952190,66.79295,61.29677,65.1441
1643578952443,66.68053,61.431393,65.10579
1643578952696,66.569695,61.565876,65.06855
1643578952935,66.44885,61.652817,65.01004
1643578953160,66.33128,61.737053,64.95301
1643578953406,66.33574,61.830315,64.984116
1643578953661,66.34127,61.925003,65.01639
1643578953917,66.2725,61.95762,64.978035
1643578954163,66.20621,61.989803,64.941284
1643578954419,66.14059,62.024048,64.905624
1643578954666,66.01649,62.037243,64.822716
1643578954920,65.89368,62.050655,64.74077
1643578955157,65.78111,61.972294,64.638466
1643578955404,65.66927,61.893826,64.53664
1643578955659,65.62124,61.82263,64.48166
1643578955913,65.567856,61.743687,64.42061
1643578956151,65.51709,61.66219,64.36062
1643578956402,65.4691,61.68834,64.33487
1643578956664,65.421646,61.715794,64.30989
1643578956919,65.30359,61.796124,64.25135
1643578957155,65.18843,61.873386,64.19392
1643578957401,65.095856,62.02751,64.175354
1643578957650,65.00436,62.18062,64.157234
1643578957905,64.9049,62.297752,64.12276
1643578958154,64.80974,62.426975,64.09491
1643578958404,64.715324,62.55484,64.067184
1643578958653,64.53397,62.708286,63.986267
1643578958907,64.35369,62.859955,63.90557
1643578959136,64.19776,62.990505,63.835583
1643578959382,64.04168,63.121002,63.765476
1643578959640,63.905186,63.220528,63.69979
1643578959899,63.761158,63.303226,63.62378
1643578960156,63.619675,63.383583,63.548847
1643578960411,63.283268,63.15614,63.24513
1643578960667,62.948162,62.926746,62.94174
1643578960922,62.69692,62.453987,62.62404
1643578961181,62.445625,61.978825,62.305588
1643578961438,62.20006,61.50198,61.99064
1643578961695,61.94144,61.070747,61.680233
1643578961948,61.68336,60.638283,61.36984
1643578962177,61.465748,60.257694,61.103333
1643578962431,61.244915,59.87403,60.83365
1643578962687,60.96698,59.420765,60.503113
1643578962936,60.69176,58.9688,60.174873
1643578963179,60.42781,58.525814,59.85721
1643578963432,60.196014,58.08837,59.56372
1643578963696,59.96262,57.64821,59.2683
1643578963939,59.657135,57.281506,58.944447
1643578964177,59.357822,56.92065,58.62667
1643578964428,59.068115,56.183365,58.20269
1643578964682,58.78059,55.445858,57.78017
1643578964934,58.64757,54.866116,57.513134
1643578965164,58.528393,54.30425,57.26115
1643578965414,58.398632,53.713665,56.99314
1643578965662,58.312786,53.17682,56.771996
1643578965916,58.23091,52.642677,56.554443
1643578966156,58.141964,52.08892,56.32605
1643578966403,58.056637,51.53839,56.101162
1643578966661,57.94047,51.00723,55.8605
1643578966917,57.829487,50.483723,55.62576
1643578967139,57.727703,49.983704,55.404503
1643578967368,57.579678,49.474346,55.14808
1643578967624,57.429585,48.95109,54.88604
1643578967879,57.296547,48.40929,54.63037
1643578968118,57.170216,47.8848,54.38459
1643578968365,57.049053,47.3545,54.140686
1643578968627,56.971233,46.82968,53.92877
1643578968890,56.92822,46.31911,53.745487
1643578969130,56.985424,46.272972,53.77169
1643578969371,57.04514,46.237957,53.802986
1643578969618,57.126106,46.25556,53.864944
1643578969871,57.208233,46.27795,53.929146
1643578970090,57.284065,46.316963,53.993935
1643578970346,57.359524,46.349827,54.056614
1643578970600,57.434315,46.383743,54.119144
1643578970847,57.583557,46.555485,54.27514
1643578971083,57.7349,46.739563,54.4363
1643578971319,57.879177,46.969913,54.6064
1643578971566,58.024853,47.204475,54.77874
1643578971824,58.120205,47.411415,54.90757
1643578972070,58.216534,47.625595,55.03925
1643578972320,58.315067,47.844803,55.17399
1643578972568,58.302063,47.94395,55.19463
1643578972824,58.28991,48.048008,55.21734
1643578973052,58.258778,48.15369,55.22725
1643578973274,58.227142,48.263138,55.23794
1643578973529,58.181026,48.374554,55.239086
1643578973794,58.19102,48.34433,55.237015
1643578974037,58.21137,48.325405,55.245583
1643578974264,58.169483,48.175175,55.171192
1643578974517,58.13,48.029083,55.099728
1643578974773,57.950317,47.70889,54.877888
1643578975016,57.770203,47.390766,54.656372
1643578975243,57.590214,47.08836,54.43966
1643578975502,57.449036,46.82691,54.262398
1643578975762,57.29963,46.566143,54.079586
1643578975983,57.2358,46.330097,53.96409
1643578976207,57.172775,46.096615,53.84993
1643578976463,57.320553,45.89343,53.892414
1643578976718,57.469135,45.69287,53.936256
1643578976962,57.62791,45.488598,53.98612
1643578977197,57.73957,45.292515,54.005455
1643578977443,57.84934,45.089695,54.021446
1643578977698,57.887287,44.802067,53.96172
1643578977939,57.925556,44.522923,53.904766
1643578978188,57.963806,44.24683,53.848717
1643578978448,57.947144,43.96517,53.752552
1643578978712,57.941628,43.682846,53.663994
1643578978945,57.988327,43.412403,53.615547
1643578979175,58.030895,43.149048,53.56634
1643578979432,58.15439,42.96505,53.597588
1643578979687,58.27465,42.78825,53.62873
1643578979932,58.393677,42.615017,53.66008
1643578980182,58.436317,42.399452,53.62526
1643578980434,58.5063,42.227684,53.622715
1643578980688,58.539124,42.06728,53.597572
1643578980933,58.561783,41.942513,53.576004
1643578981152,58.341072,41.873615,53.400833
1643578981401,58.138313,41.812084,53.240444
1643578981655,57.93431,41.749554,53.078884
1643578981916,57.86557,41.732727,53.025715
1643578982149,57.795876,41.71881,52.972755
1643578982398,57.763096,41.77533,52.966766
1643578982653,57.72931,41.831593,52.95999
1643578982908,57.705097,42.012882,52.997433
1643578983132,57.68102,42.196957,53.0358
1643578983387,57.654987,42.378956,53.072178
1643578983650,57.729996,42.6747,53.213406
1643578983912,57.804485,42.971138,53.35448
1643578984152,57.915615,43.224327,53.508232
1643578984400,58.02563,43.477596,53.661224
1643578984654,58.14644,43.761616,53.830994
1643578984909,58.26662,44.043446,53.99967
1643578985146,58.387177,44.316654,54.16602
1643578985398,58.507607,44.58934,54.332123
1643578985652,58.628323,44.860462,54.497963
1643578985908,58.58254,44.73943,54.429607
1643578986147,58.536884,44.615936,54.3606
1643578986393,58.49028,44.457016,54.2803
1643578986647,58.44382,44.2968,54.199715
1643578986903,58.387478,44.061527,54.089695
1643578987141,58.331146,43.825283,53.97939
1643578987391,58.28472,43.617313,53.8845
1643578987653,58.274952,43.387424,53.808693
1643578987916,58.263535,43.15836,53.731983
1643578988161,58.284954,42.984043,53.694683
1643578988398,58.306454,42.810806,53.65776
1643578988646,58.2935,42.59666,53.58445
1643578988901,58.280533,42.381237,53.510742
1643578989148,58.288128,42.155987,53.448486
1643578989397,58.296497,41.93393,53.387726
1643578989654,58.302925,41.706387,53.323963
1643578989913,58.354153,41.470165,53.28896
1643578990171,58.406494,41.23799,53.255943
1643578990425,58.50487,41.22,53.319412
1643578990681,58.60393,41.205837,53.384502
1643578990937,58.6941,41.177876,53.43923
1643578991191,59.000935,41.385433,53.716286
1643578991447,59.309803,41.59239,53.99458
1643578991701,59.643253,41.757435,54.27751
1643578991952,59.98451,41.932007,54.568756
1643578992204,60.307354,42.10682,54.847195
1643578992458,60.631218,42.28484,55.127304
1643578992713,60.96888,42.482246,55.42289
1643578992947,61.37559,42.70148,55.773357
1643578993187,61.78247,42.922897,56.1246
1643578993433,62.34415,43.449066,56.675625
1643578993688,62.905373,43.97723,57.22693
1643578993933,63.421383,44.500484,57.745113
1643578994177,63.93255,45.021225,58.25915
1643578994428,64.4506,45.559715,58.783333
1643578994688,64.915596,46.059692,59.258827
1643578994938,65.39489,46.579678,59.750324
1643578995177,65.90058,47.219704,60.296318
1643578995427,66.40311,47.857105,60.839306
1643578995682,66.80271,48.36569,61.271606
1643578995931,67.19532,48.86814,61.697166
1643578996168,67.56451,49.356274,62.102036
1643578996423,67.877396,49.74274,62.436996
1643578996685,68.162,50.122974,62.750294
1643578996932,68.38975,50.416374,62.997734
1643578997169,68.606094,50.697216,63.23343
1643578997415,68.76505,50.95959,63.423416
1643578997669,68.92273,51.220127,63.61195
1643578997925,69.06289,51.407536,63.76628
1643578998177,69.19482,51.585766,63.9121
1643578998424,69.319435,51.755768,64.05034
1643578998685,69.4331,51.934837,64.183624
1643578998942,69.541855,52.10856,64.31187
1643578999184,69.6971,52.36801,64.498375
1643578999431,69.79021,52.52146,64.60959
1643578999686,69.96601,52.76796,64.806595
1643578999935,70.15501,53.049004,65.02321
1643579000179,70.338326,53.263348,65.215836
1643579000429,70.54922,53.523056,65.44137
1643579000682,70.75525,53.777138,65.66182
1643579000930,70.96654,54.07217,65.898224
1643579001150,71.091225,54.254036,66.04007
1643579001402,71.37016,54.52519,66.31667
1643579001656,71.576805,54.75222,66.529434
1643579001910,71.74543,54.96699,66.7119
1643579002149,71.95409,55.206127,66.929695
1643579002404,72.20806,55.472668,67.18745
1643579002651,72.33617,55.80036,67.37543
1643579002905,72.50621,56.15128,67.59973
1643579003146,72.70499,56.53212,67.85313
1643579003377,72.80182,56.876217,68.02414
1643579003633,72.940285,57.251534,68.23366
1643579003888,73.059975,57.607407,68.42421
1643579004137,73.17457,57.957405,68.60942
1643579004383,73.33243,58.21468,68.797104
1643579004638,73.48801,58.470837,68.98286
1643579004893,73.650055,58.709152,69.167786
1643579005126,73.806175,58.937458,69.34556
1643579005376,73.91308,59.195496,69.4978
1643579005632,74.018425,59.45297,69.64879
1643579005887,74.1204,59.70568,69.79598
1643579006131,74.25297,59.991333,69.97448
1643579006381,74.382286,60.27228,70.149284
1643579006629,74.45055,60.489475,70.26222
1643579006884,74.515015,60.700077,70.37054
1643579007123,74.48689,60.84755,70.39509
1643579007370,74.45556,60.98927,70.41567
1643579007625,74.36578,60.932503,70.3358
1643579007879,74.26729,60.867638,70.24739
1643579008120,74.16567,60.793983,70.15417
1643579008365,74.04128,60.695515,70.03755
1643579008620,73.91436,60.59229,69.91774
1643579008875,73.83158,60.50421,69.833374
1643579009111,73.74763,60.409607,69.746216
1643579009355,73.60011,60.297504,69.60933
1643579009610,73.45014,60.18125,69.469475
1643579009864,73.29877,60.060604,69.32732
1643579010097,73.07972,59.90691,69.12788
1643579010350,72.857834,59.74896,68.92517
1643579010604,72.60784,59.55674,68.69251
1643579010858,72.35823,59.362907,68.45963
1643579011092,72.12035,59.14379,68.22739
1643579011329,71.85523,58.89386,67.96682
1643579011580,71.624084,58.58378,67.71199
1643579011840,71.38801,58.276978,67.4547
1643579012074,71.161644,57.977303,67.206345
1643579012309,71.00292,57.750767,67.027275
1643579012555,70.845604,57.52425,66.8492
1643579012809,70.70069,57.31626,66.68536
1643579013052,70.55064,57.108845,66.5181
1643579013276,70.44049,56.99578,66.407074
1643579013539,70.30538,56.8359,66.26454
1643579013801,70.173615,56.67871,66.125145
1643579014041,70.08695,56.548843,66.02552
1643579014264,70.00819,56.427807,65.934074
1643579014515,69.994385,56.334213,65.89633
1643579014770,69.990486,56.2484,65.86786
1643579015010,69.989136,56.19378,65.850525
1643579015253,69.98751,56.12754,65.82952
1643579015507,69.98672,56.061775,65.809235
1643579015754,69.97861,56.0621,65.80365
1643579015991,69.974106,56.067287,65.80206
1643579016231,69.864525,56.12806,65.74358
1643579016478,69.7642,56.204315,65.696236
1643579016735,69.5708,56.20039,65.55968
1643579016981,69.386826,56.210102,65.43381
1643579017216,69.2064,56.223045,65.31139
1643579017463,68.96713,56.188072,65.133415
1643579017718,68.72876,56.15416,64.956375
1643579017954,68.45203,56.15408,64.76264
1643579018208,68.17485,56.153572,64.56847
1643579018463,67.89911,56.15389,64.37554
1643579018723,67.612045,56.17629,64.18132
1643579018959,67.32988,56.20099,63.991215
1643579019197,66.961525,56.202934,63.733948
1643579019442,66.59454,56.205593,63.47786
1643579019697,66.38072,55.926407,63.244427
1643579019935,66.17223,55.649506,63.01542
1643579020175,65.99183,55.38433,62.809578
1643579020419,65.75568,55.039707,62.540886
1643579020673,65.522285,54.69658,62.274574
1643579020926,65.30454,54.389233,62.029953
1643579021167,65.073586,54.071465,61.77295
1643579021416,64.88235,53.78641,61.553566
1643579021671,64.69353,53.502926,61.33635
1643579021923,64.503654,53.217335,61.11776
1643579022154,64.35727,53.037407,60.96131
1643579022401,64.24468,52.88056,60.835445
1643579022658,64.08759,52.54827,60.625793
1643579022913,63.96905,52.243793,60.451473
1643579023139,63.964485,51.92295,60.352024
1643579023387,63.896736,51.50316,60.17866
1643579023642,63.863342,51.133904,60.04451
1643579023903,63.899296,50.728043,59.94792
1643579024143,63.94058,50.329453,59.85724
1643579024373,64.13633,50.461063,60.033752
1643579024627,64.294395,50.546688,60.170082
1643579024882,64.305336,50.400505,60.133884
1643579025121,64.31877,50.262856,60.101997
1643579025367,64.35649,50.20325,60.11052
1643579025629,64.40198,50.140224,60.12345
1643579025888,64.41821,50.03467,60.10315
1643579026131,64.50777,49.99348,60.15348
1643579026378,64.599525,49.956074,60.20649
1643579026632,64.66878,49.731842,60.187695
1643579026888,64.73972,49.510544,60.17097
1643579027129,64.6224,49.1653,59.985268
1643579027377,64.50596,48.822422,59.8009
1643579027633,64.39785,48.506832,59.630547
1643579027893,64.22185,48.19869,59.414898
1643579028131,64.04619,47.896393,59.201252
1643579028379,63.77224,47.597157,58.919716
1643579028634,63.49852,47.299133,58.638702
1643579028888,63.136223,47.05347,58.311398
1643579029124,62.776062,46.814342,57.987545
1643579029374,62.467213,46.551434,57.69248
1643579029631,62.158188,46.28866,57.397327
1643579029888,61.850395,46.029415,57.104103
1643579030128,61.631348,45.810097,56.88497
1643579030374,61.412968,45.592754,56.666904
1643579030628,61.228256,45.383743,56.474903
1643579030881,61.044678,45.177753,56.2846
1643579031109,60.81038,45.142307,56.10996
1643579031364,60.57384,45.10415,55.932934
1643579031619,60.333702,45.076298,55.756477
1643579031880,60.09825,45.1502,55.613834
1643579032133,59.867138,45.22923,55.47577
1643579032381,59.675777,45.27534,55.355648
1643579032636,59.487408,45.324764,55.238617
1643579032890,59.3675,45.505947,55.209038
1643579033129,59.25343,45.69196,55.18499
1643579033376,59.214127,45.956512,55.23684
1643579033631,59.17666,46.223476,55.290703
1643579033886,59.14232,46.49344,55.347656
1643579034108,59.39305,46.778797,55.608772
1643579034357,59.642944,47.065594,55.86974
1643579034612,59.923103,47.232643,56.115963
1643579034867,60.206654,47.401897,56.365227
1643579035105,60.49996,47.55373,56.616093
1643579035353,60.79549,47.707573,56.869114
1643579035608,61.09339,47.863644,57.124466
1643579035868,61.37189,47.97832,57.35382
1643579036089,61.649548,48.09011,57.581715
1643579036328,61.935547,48.19265,57.812675
1643579036574,62.222363,48.297367,58.044865
1643579036829,62.52183,48.35062,58.27047
1643579037054,62.81622,48.399693,58.49126
1643579037299,63.11159,48.45144,58.713543
1643579037546,63.344307,48.47924,58.88479
1643579037802,63.57668,48.507996,59.056072
1643579038036,63.814465,48.481865,59.214684
1643579038262,64.04744,48.453636,59.369297
1643579038521,64.31394,48.441196,59.55212
1643579038778,64.58134,48.42612,59.73477
1643579039019,64.842415,48.408257,59.912167
1643579039238,65.08006,48.37676,60.06907
1643579039489,65.32191,48.35003,60.230343
1643579039743,65.49257,48.31931,60.34059
1643579039972,65.655205,48.28325,60.443615
1643579040210,65.81734,48.24639,60.546055
1643579040437,65.937355,48.289257,60.642925
1643579040691,66.061844,48.333145,60.743233
1643579040937,66.184875,48.412613,60.853195
1643579041171,66.30006,48.48774,60.95636
1643579041425,66.39942,48.56682,61.04964
1643579041681,66.49622,48.64395,61.14054
1643579041930,66.58902,48.71857,61.227882
1643579042175,66.75665,48.85278,61.38549
1643579042422,66.92342,48.986347,61.5423
1643579042677,67.017365,49.192955,61.670044
1643579042927,67.1082,49.397247,61.794914
1643579043168,67.16112,49.568123,61.88322
1643579043415,67.21263,49.736652,61.969837
1643579043671,67.26356,49.903393,62.055508
1643579043933,67.274574,50.101376,62.122616
1643579044184,67.280945,50.294743,62.185085
1643579044426,67.22479,50.44323,62.190323
1643579044681,67.16854,50.5924,62.195698
1643579044931,67.20421,50.906757,62.314972
1643579045162,67.2344,51.215725,62.4288
1643579045411,67.21181,51.554394,62.514584
1643579045667,67.1882,51.89275,62.599567
1643579045921,67.16271,52.22956,62.682766
1643579046147,67.121925,52.54152,62.747803
1643579046392,67.082,52.855125,62.81394
1643579046646,67.05429,53.1238,62.875145
1643579046900,67.02494,53.388863,62.934116
1643579047137,67.11802,53.55589,63.049377
1643579047384,67.20908,53.720085,63.162384
1643579047639,67.2981,53.881443,63.27311
1643579047901,67.38462,53.99022,63.366302
1643579048152,67.467415,54.092426,63.454918
1643579048396,67.51974,54.30131,63.55421
1643579048651,67.56912,54.50764,63.65068
1643579048905,67.75594,54.7828,63.864002
1643579049136,67.93785,55.048416,64.07102
1643579049396,68.11159,55.319897,64.27408
1643579049650,68.28313,55.47923,64.441956
1643579049904,68.45136,55.63372,64.60607
1643579050143,68.44395,55.61573,64.59548
1643579050391,68.43407,55.59462,64.58223
1643579050647,68.395226,55.616444,64.56159
1643579050903,68.354095,55.634457,64.53821
1643579051147,68.31827,55.626163,64.510635
1643579051395,68.30354,55.61482,64.496925
1643579051647,68.28657,55.6019,64.48117
1643579051901,68.25621,55.579628,64.45323
1643579052127,68.225685,55.553173,64.423935
1643579052374,68.149216,55.51444,64.35878
1643579052629,68.11,55.488667,64.3236
1643579052885,68.069565,55.46121,64.287056
1643579053133,68.045815,55.453865,64.26823
1643579053384,68.04031,55.43032,64.25732
1643579053632,67.8385,55.242344,64.059654
1643579053878,67.6563,55.03839,63.870934
1643579054097,67.33857,54.723125,63.553936
1643579054341,66.98282,54.407024,63.210083
1643579054597,66.62762,54.091064,62.866653
1643579054860,66.2979,53.89759,62.577805
1643579055114,65.94169,53.699554,62.269047
1643579055359,65.55167,53.504044,61.937378
1643579055614,65.16365,53.308308,61.607048
1643579055869,64.78532,53.117504,61.284973
1643579056111,64.41285,52.928123,60.96743
1643579056354,64.075874,52.683346,60.658115
1643579056608,63.739452,52.43753,60.348873
1643579056863,63.40653,52.200924,60.04485
1643579057114,63.030724,51.92068,59.697712
1643579057355,62.660522,51.64229,59.355053
1643579057609,62.170864,51.30755,58.91187
1643579057864,61.684418,50.973373,58.471104
1643579058103,61.22435,50.75884,58.084698
1643579058348,60.76777,50.54469,57.700844
1643579058608,60.32013,50.24297,57.29698
1643579058866,59.873753,49.940136,56.893665
1643579059114,59.43843,49.64354,56.49996
1643579059356,59.1854,49.482754,56.274605
1643579059603,58.935402,49.32243,56.05151
1643579059857,58.789772,49.35179,55.958378
1643579060079,58.659893,49.39161,55.879406
1643579060320,58.585995,49.254242,55.78647
1643579060573,58.51528,49.10335,55.691704
1643579060830,58.44839,48.954308,55.600166
1643579061088,58.374332,48.73663,55.483025
1643579061349,58.303032,48.52006,55.36814
1643579061605,58.306183,48.301414,55.304752
1643579061861,58.314518,48.086758,55.246193
1643579062117,58.345913,47.944183,55.225395
1643579062385,58.367886,47.791718,55.195038
1643579062653,58.36472,47.63136,55.144714
1643579062918,58.37573,47.467804,55.10335
1643579063142,58.386234,47.286606,55.056347
1643579063398,58.39774,47.106194,55.010277
1643579063657,58.412624,46.929443,54.96767
1643579063915,58.415524,46.76024,54.918938
1643579064151,58.427696,46.59608,54.878212
1643579064397,58.45473,46.440548,54.85048
1643579064648,58.48966,46.284885,54.828228
1643579064904,58.48561,46.10543,54.771557
1643579065144,58.47487,45.914715,54.70682
1643579065375,58.468113,45.73459,54.648056
1643579065629,58.498337,45.500633,54.599022
1643579065884,58.530895,45.272655,54.553425
1643579066105,58.570724,45.147675,54.54381
1643579066350,58.612343,45.02584,54.536392
1643579066605,58.65554,44.907505,54.531128
1643579066867,58.61065,44.824722,54.474873
1643579067099,58.567204,44.750336,54.422146
1643579067342,58.61674,44.77826,54.4652
1643579067597,58.668434,44.80847,54.510445
1643579067851,58.73482,44.785515,54.55003
1643579068082,58.80318,44.77394,54.59441
1643579068322,58.873047,44.76425,54.640408
1643579068576,58.941486,44.66631,54.658936
1643579068834,59.0114,44.571117,54.679314
1643579069070,59.128475,44.330437,54.689064
1643579069298,59.245583,44.094704,54.70032
1643579069552,59.37968,43.878647,54.72937
1643579069806,59.515175,43.680046,54.764637
1643579070044,59.69647,43.490505,54.834682
1643579070288,59.89983,43.325195,54.92744
1643579070540,60.10427,43.160896,55.02126
1643579070788,60.35861,43.048897,55.165695
1643579071026,60.609802,42.939964,55.30885
1643579071263,60.865845,42.82929,55.45488
1643579071512,61.11909,42.720158,55.59941
1643579071768,61.372902,42.655373,55.75764
1643579072012,61.62328,42.593002,55.914196
1643579072266,61.87458,42.532066,56.071827
1643579072511,62.161736,42.536045,56.27403
1643579072736,62.437637,42.5438,56.469486
1643579072960,62.767403,42.652607,56.732964
1643579073201,63.09528,42.75711,56.993828
1643579073448,63.421925,42.863235,57.25432
1643579073709,63.71652,43.12608,57.539387
1643579073957,64.00441,43.389446,57.81992
1643579074179,64.27979,43.67206,58.097473
1643579074425,64.55628,43.95443,58.375725
1643579074679,64.68741,44.072453,58.502922
1643579074937,64.811005,44.17573,58.620422
1643579075164,64.92003,44.276203,58.726883
1643579075416,65.00711,44.336838,58.80603
1643579075676,65.09212,44.398003,58.88388
1643579075926,65.0934,44.431038,58.89469
1643579076170,65.08646,44.46239,58.89924
1643579076416,65.043564,44.507393,58.882713
1643579076671,64.99831,44.552296,58.864502
1643579076923,64.95768,44.650696,58.865585
1643579077154,64.91468,44.751343,58.86568
1643579077409,64.872444,44.85354,58.86677
1643579077657,64.957275,44.985073,58.965614
1643579077911,65.03785,45.115273,59.061073
1643579078135,65.1578,45.20319,59.171417
1643579078380,65.27539,45.29181,59.280315
1643579078630,65.40795,45.380962,59.399853
1643579078885,65.537224,45.469227,59.516827
1643579079110,65.66069,45.552986,59.62838
1643579079364,65.82205,45.766422,59.805363
1643579079619,65.980896,45.97922,59.980392
1643579079874,66.08038,46.21388,60.12043
1643579080101,66.17603,46.44451,60.256577
1643579080354,66.26387,46.70213,60.395348
1643579080600,66.37647,46.9787,60.55714
1643579080855,66.487976,47.254913,60.71806
1643579081099,66.64714,47.52034,60.9091
1643579081333,66.785,47.764786,61.078938
1643579081582,67.071014,48.05373,61.36583
1643579081837,67.34763,48.34268,61.646145
1643579082069,67.62108,48.625008,61.922256
1643579082308,67.8106,48.990562,62.16459
1643579082564,68.00098,49.358456,62.40822
1643579082819,68.22426,49.793503,62.69503
1643579083053,68.44298,50.21989,62.97605
1643579083287,68.636,50.62033,63.2313
1643579083537,68.82882,51.021137,63.486515
1643579083792,69.020485,51.420418,63.740463
1643579084019,69.151054,51.70279,63.916576
1643579084243,69.27841,51.97913,64.08863
1643579084497,69.39484,52.175045,64.2289
1643579084752,69.50934,52.367577,64.366806
1643579084989,69.676956,52.53933,64.53567
1643579085227,69.84222,52.7072,64.701706
1643579085454,70.000885,52.86276,64.85944
1643579085710,70.17285,53.039467,65.03284
1643579085947,70.33942,53.20556,65.19926
1643579086187,70.5199,53.335724,65.36464
1643579086437,70.69942,53.46475,65.529015
1643579086696,70.94909,53.602337,65.74506
1643579086949,71.20779,53.732567,65.965225
1643579087200,71.46299,53.858284,66.18158
1643579087421,71.622536,53.896667,66.30477
1643579087676,71.78588,53.941093,66.43244
1643579087927,71.94485,53.767025,66.4915
1643579088151,72.09574,53.583363,66.54203
1643579088398,72.24769,53.4008,66.59362
1643579088657,72.42655,53.32369,66.695694
1643579088917,72.603676,53.24339,66.795586
1643579089141,72.6861,53.15856,66.827835
1643579089388,72.769104,53.07157,66.85985
1643579089642,72.83629,52.905796,66.85714
1643579089896,72.900894,52.73611,66.851456
1643579090136,72.96335,52.549934,66.839325
1643579090387,73.025345,52.36074,66.825966
1643579090648,73.08708,52.16799,66.811356
1643579090902,73.164925,51.97166,66.806946
1643579091131,73.23708,51.77561,66.798645
1643579091381,73.19891,51.529537,66.6981
1643579091628,73.15827,51.28263,66.59558
1643579091883,73.117035,51.0275,66.49017
1643579092129,72.97398,50.798862,66.32145
1643579092386,72.83063,50.56706,66.15156
1643579092633,72.5544,50.250435,65.86321
1643579092888,72.2771,49.932987,65.57387
1643579093126,71.9871,49.498493,65.24052
1643579093371,71.696976,49.064713,64.907295
1643579093625,71.45307,48.616398,64.60207
1643579093880,71.215775,48.1528,64.29688
1643579094116,70.979416,47.699482,63.995434
1643579094363,70.728615,47.339016,63.711735
1643579094618,70.47726,46.980446,63.428215
1643579094871,70.21006,46.736206,63.167904
1643579095097,69.9459,46.50492,62.913605
1643579095346,69.685776,46.311787,62.673576
1643579095604,69.427284,46.122066,62.43572
1643579095859,69.169426,45.9376,62.19988
1643579096088,69.1885,46.220314,62.298042
1643579096324,69.20596,46.502796,62.39501
1643579096579,69.24622,46.833454,62.522392
1643579096834,69.28592,47.16675,62.65017
1643579097077,69.34544,47.502422,62.792538
1643579097322,69.40547,47.84131,62.936222
1643579097574,69.46416,48.18142,63.079334
1643579097822,69.53434,48.551308,63.23943
1643579098049,69.60818,48.924477,63.40307
1643579098272,69.72439,49.28126,63.59145
1643579098519,69.83848,49.638126,63.77837
1643579098780,70.00834,50.043713,64.01895
1643579099018,70.18102,50.44986,64.26167
1643579099274,70.35354,50.857605,64.50476
1643579099521,70.532814,51.322796,64.769806
1643579099777,70.71318,51.790092,65.036255
1643579100018,70.899414,52.187046,65.285706
1643579100253,71.08634,52.582256,65.53511
1643579100502,71.28506,53.013935,65.80372
1643579100757,71.480896,53.44454,66.069984
1643579100997,71.67706,53.87139,66.33536
1643579101237,71.83802,54.22541,66.55424
1643579101484,71.99963,54.57978,66.77368
1643579101740,72.138565,54.923996,66.9742
1643579101980,72.277596,55.261913,67.17289
1643579102222,72.31461,55.238426,67.19176
1643579102470,72.36303,55.20123,67.21449
1643579102725,72.412575,55.16603,67.23861
1643579102948,72.313286,54.866333,67.0792
1643579103177,72.214645,54.56724,66.920425
1643579103431,72.01388,54.239246,66.68149
1643579103685,71.81307,53.91,66.442154
1643579103933,71.49399,53.404682,66.0672
1643579104178,71.18244,52.911217,65.70107
1643579104428,70.87091,52.417107,65.33477
1643579104685,70.42746,51.96627,64.8891
1643579104937,69.98379,51.51351,64.4427
1643579105159,69.61772,50.99534,64.031006
1643579105413,69.250725,50.477245,63.61868
1643579105673,69.088554,50.05887,63.37965
1643579105929,68.92549,49.638416,63.13937
1643579106186,68.764984,49.21832,62.90098
1643579106429,68.65027,48.826153,62.703033
1643579106683,68.536545,48.433407,62.505604
1643579106930,68.489876,48.0791,62.366646
1643579107178,68.44588,47.726593,62.23009
1643579107386,68.390785,47.65936,62.17136
1643579107599,68.345695,47.60025,62.122063
1643579107811,68.29991,47.539257,62.071716
1643579108028,68.25352,47.508553,62.03003
1643579108246,68.20652,47.475864,61.987324
1643579108462,68.15901,47.441753,61.943832
1643579108678,68.106926,47.39165,61.89234
1643579108895,68.085,47.336876,61.860565
1643579109111,68.03277,47.28442,61.80826
1643579109324,67.99266,47.233932,61.76504
1643579109540,67.951775,47.181618,61.720726
1643579109755,67.91249,47.140415,61.680866
1643579109971,67.87259,47.098263,61.64029
